No.,正誤,分野名,大分類,中分類,出典,学習日
1,○,テクノロジ系,基礎理論,基礎理論,"=HYPERLINK(""https://www.fe-siken.com/kakomon/29_haru/q1.html"",""平成29年春期 問1"")",2022/3/20
2,×,テクノロジ系,基礎理論,基礎理論,"=HYPERLINK(""https://www.fe-siken.com/kakomon/29_haru/q2.html"",""平成29年春期 問2"")",2022/3/20
3,○,テクノロジ系,基礎理論,基礎理論,"=HYPERLINK(""https://www.fe-siken.com/kakomon/29_haru/q3.html"",""平成29年春期 問3"")",2022/3/20
4,○,テクノロジ系,基礎理論,アルゴリズムとプログラミング,"=HYPERLINK(""https://www.fe-siken.com/kakomon/29_haru/q4.html"",""平成29年春期 問4"")",2022/3/20
5,○,テクノロジ系,基礎理論,アルゴリズムとプログラミング,"=HYPERLINK(""https://www.fe-siken.com/kakomon/29_haru/q5.html"",""平成29年春期 問5"")",2022/3/20
6,×,テクノロジ系,基礎理論,アルゴリズムとプログラミング,"=HYPERLINK(""https://www.fe-siken.com/kakomon/29_haru/q6.html"",""平成29年春期 問6"")",2022/3/20
7,○,テクノロジ系,基礎理論,アルゴリズムとプログラミング,"=HYPERLINK(""https://www.fe-siken.com/kakomon/29_haru/q7.html"",""平成29年春期 問7"")",2022/3/20
8,○,テクノロジ系,コンピュータシステム,コンピュータ構成要素,"=HYPERLINK(""https://www.fe-siken.com/kakomon/29_haru/q8.html"",""平成29年春期 問8"")",2022/3/20
9,○,テクノロジ系,コンピュータシステム,コンピュータ構成要素,"=HYPERLINK(""https://www.fe-siken.com/kakomon/29_haru/q9.html"",""平成29年春期 問9"")",2022/3/20
10,○,テクノロジ系,コンピュータシステム,コンピュータ構成要素,"=HYPERLINK(""https://www.fe-siken.com/kakomon/29_haru/q10.html"",""平成29年春期 問10"")",2022/3/20
11,×,テクノロジ系,コンピュータシステム,システム構成要素,"=HYPERLINK(""https://www.fe-siken.com/kakomon/29_haru/q11.html"",""平成29年春期 問11"")",2022/3/20
12,○,テクノロジ系,コンピュータシステム,システム構成要素,"=HYPERLINK(""https://www.fe-siken.com/kakomon/29_haru/q12.html"",""平成29年春期 問12"")",2022/3/20
13,○,テクノロジ系,コンピュータシステム,システム構成要素,"=HYPERLINK(""https://www.fe-siken.com/kakomon/29_haru/q13.html"",""平成29年春期 問13"")",2022/3/20
14,○,テクノロジ系,コンピュータシステム,システム構成要素,"=HYPERLINK(""https://www.fe-siken.com/kakomon/29_haru/q14.html"",""平成29年春期 問14"")",2022/3/20
15,○,テクノロジ系,コンピュータシステム,ソフトウェア,"=HYPERLINK(""https://www.fe-siken.com/kakomon/29_haru/q15.html"",""平成29年春期 問15"")",2022/3/20
16,○,テクノロジ系,コンピュータシステム,ソフトウェア,"=HYPERLINK(""https://www.fe-siken.com/kakomon/29_haru/q16.html"",""平成29年春期 問16"")",2022/3/20
17,×,テクノロジ系,コンピュータシステム,ソフトウェア,"=HYPERLINK(""https://www.fe-siken.com/kakomon/29_haru/q17.html"",""平成29年春期 問17"")",2022/3/20
18,○,テクノロジ系,コンピュータシステム,ソフトウェア,"=HYPERLINK(""https://www.fe-siken.com/kakomon/29_haru/q18.html"",""平成29年春期 問18"")",2022/3/20
19,○,テクノロジ系,コンピュータシステム,ソフトウェア,"=HYPERLINK(""https://www.fe-siken.com/kakomon/29_haru/q19.html"",""平成29年春期 問19"")",2022/3/20
20,○,テクノロジ系,コンピュータシステム,ハードウェア,"=HYPERLINK(""https://www.fe-siken.com/kakomon/29_haru/q20.html"",""平成29年春期 問20"")",2022/3/20
21,×,テクノロジ系,コンピュータシステム,ハードウェア,"=HYPERLINK(""https://www.fe-siken.com/kakomon/29_haru/q21.html"",""平成29年春期 問21"")",2022/3/20
22,○,テクノロジ系,コンピュータシステム,ハードウェア,"=HYPERLINK(""https://www.fe-siken.com/kakomon/29_haru/q22.html"",""平成29年春期 問22"")",2022/3/20
23,○,テクノロジ系,技術要素,ヒューマンインタフェース,"=HYPERLINK(""https://www.fe-siken.com/kakomon/29_haru/q23.html"",""平成29年春期 問23"")",2022/3/20
24,○,テクノロジ系,技術要素,マルチメディア,"=HYPERLINK(""https://www.fe-siken.com/kakomon/29_haru/q24.html"",""平成29年春期 問24"")",2022/3/20
25,○,テクノロジ系,技術要素,データベース,"=HYPERLINK(""https://www.fe-siken.com/kakomon/29_haru/q25.html"",""平成29年春期 問25"")",2022/3/20
26,×,テクノロジ系,技術要素,データベース,"=HYPERLINK(""https://www.fe-siken.com/kakomon/29_haru/q26.html"",""平成29年春期 問26"")",2022/3/20
27,○,テクノロジ系,技術要素,データベース,"=HYPERLINK(""https://www.fe-siken.com/kakomon/29_haru/q27.html"",""平成29年春期 問27"")",2022/3/20
28,○,テクノロジ系,技術要素,データベース,"=HYPERLINK(""https://www.fe-siken.com/kakomon/29_haru/q28.html"",""平成29年春期 問28"")",2022/3/20
29,×,テクノロジ系,技術要素,データベース,"=HYPERLINK(""https://www.fe-siken.com/kakomon/29_haru/q29.html"",""平成29年春期 問29"")",2022/3/20
30,×,テクノロジ系,技術要素,ネットワーク,"=HYPERLINK(""https://www.fe-siken.com/kakomon/29_haru/q30.html"",""平成29年春期 問30"")",2022/3/20
31,○,テクノロジ系,技術要素,ネットワーク,"=HYPERLINK(""https://www.fe-siken.com/kakomon/29_haru/q31.html"",""平成29年春期 問31"")",2022/3/20
32,○,テクノロジ系,技術要素,ネットワーク,"=HYPERLINK(""https://www.fe-siken.com/kakomon/29_haru/q32.html"",""平成29年春期 問32"")",2022/3/20
33,○,テクノロジ系,技術要素,ネットワーク,"=HYPERLINK(""https://www.fe-siken.com/kakomon/29_haru/q33.html"",""平成29年春期 問33"")",2022/3/20
34,×,テクノロジ系,技術要素,ネットワーク,"=HYPERLINK(""https://www.fe-siken.com/kakomon/29_haru/q34.html"",""平成29年春期 問34"")",2022/3/20
35,○,テクノロジ系,技術要素,ネットワーク,"=HYPERLINK(""https://www.fe-siken.com/kakomon/29_haru/q35.html"",""平成29年春期 問35"")",2022/3/20
36,○,テクノロジ系,技術要素,セキュリティ,"=HYPERLINK(""https://www.fe-siken.com/kakomon/29_haru/q36.html"",""平成29年春期 問36"")",2022/3/20
37,○,テクノロジ系,技術要素,セキュリティ,"=HYPERLINK(""https://www.fe-siken.com/kakomon/29_haru/q37.html"",""平成29年春期 問37"")",2022/3/20
38,×,テクノロジ系,技術要素,セキュリティ,"=HYPERLINK(""https://www.fe-siken.com/kakomon/29_haru/q38.html"",""平成29年春期 問38"")",2022/3/20
39,○,テクノロジ系,技術要素,セキュリティ,"=HYPERLINK(""https://www.fe-siken.com/kakomon/29_haru/q39.html"",""平成29年春期 問39"")",2022/3/20
40,×,テクノロジ系,技術要素,セキュリティ,"=HYPERLINK(""https://www.fe-siken.com/kakomon/29_haru/q40.html"",""平成29年春期 問40"")",2022/3/20
41,○,テクノロジ系,技術要素,セキュリティ,"=HYPERLINK(""https://www.fe-siken.com/kakomon/29_haru/q41.html"",""平成29年春期 問41"")",2022/3/20
42,×,テクノロジ系,技術要素,セキュリティ,"=HYPERLINK(""https://www.fe-siken.com/kakomon/29_haru/q42.html"",""平成29年春期 問42"")",2022/3/20
43,○,テクノロジ系,技術要素,セキュリティ,"=HYPERLINK(""https://www.fe-siken.com/kakomon/29_haru/q43.html"",""平成29年春期 問43"")",2022/3/20
44,○,テクノロジ系,技術要素,セキュリティ,"=HYPERLINK(""https://www.fe-siken.com/kakomon/29_haru/q44.html"",""平成29年春期 問44"")",2022/3/20
45,×,テクノロジ系,技術要素,セキュリティ,"=HYPERLINK(""https://www.fe-siken.com/kakomon/29_haru/q45.html"",""平成29年春期 問45"")",2022/3/20
46,○,テクノロジ系,開発技術,システム開発技術,"=HYPERLINK(""https://www.fe-siken.com/kakomon/29_haru/q46.html"",""平成29年春期 問46"")",2022/3/20
47,×,テクノロジ系,開発技術,システム開発技術,"=HYPERLINK(""https://www.fe-siken.com/kakomon/29_haru/q47.html"",""平成29年春期 問47"")",2022/3/20
48,○,テクノロジ系,開発技術,システム開発技術,"=HYPERLINK(""https://www.fe-siken.com/kakomon/29_haru/q48.html"",""平成29年春期 問48"")",2022/3/20
49,×,テクノロジ系,開発技術,システム開発技術,"=HYPERLINK(""https://www.fe-siken.com/kakomon/29_haru/q49.html"",""平成29年春期 問49"")",2022/3/20
50,○,テクノロジ系,開発技術,ソフトウェア開発管理技術,"=HYPERLINK(""https://www.fe-siken.com/kakomon/29_haru/q50.html"",""平成29年春期 問50"")",2022/3/20
51,○,マネジメント系,プロジェクトマネジメント,プロジェクトマネジメント,"=HYPERLINK(""https://www.fe-siken.com/kakomon/29_haru/q51.html"",""平成29年春期 問51"")",2022/3/20
52,○,マネジメント系,プロジェクトマネジメント,プロジェクトマネジメント,"=HYPERLINK(""https://www.fe-siken.com/kakomon/29_haru/q52.html"",""平成29年春期 問52"")",2022/3/20
53,○,マネジメント系,プロジェクトマネジメント,プロジェクトマネジメント,"=HYPERLINK(""https://www.fe-siken.com/kakomon/29_haru/q53.html"",""平成29年春期 問53"")",2022/3/20
54,×,マネジメント系,プロジェクトマネジメント,プロジェクトマネジメント,"=HYPERLINK(""https://www.fe-siken.com/kakomon/29_haru/q54.html"",""平成29年春期 問54"")",2022/3/20
55,○,マネジメント系,サービスマネジメント,サービスマネジメント,"=HYPERLINK(""https://www.fe-siken.com/kakomon/29_haru/q55.html"",""平成29年春期 問55"")",2022/3/20
56,○,マネジメント系,サービスマネジメント,サービスマネジメント,"=HYPERLINK(""https://www.fe-siken.com/kakomon/29_haru/q56.html"",""平成29年春期 問56"")",2022/3/20
57,×,マネジメント系,サービスマネジメント,サービスマネジメント,"=HYPERLINK(""https://www.fe-siken.com/kakomon/29_haru/q57.html"",""平成29年春期 問57"")",2022/3/20
58,×,マネジメント系,サービスマネジメント,システム監査,"=HYPERLINK(""https://www.fe-siken.com/kakomon/29_haru/q58.html"",""平成29年春期 問58"")",2022/3/20
59,○,マネジメント系,サービスマネジメント,システム監査,"=HYPERLINK(""https://www.fe-siken.com/kakomon/29_haru/q59.html"",""平成29年春期 問59"")",2022/3/20
60,○,マネジメント系,サービスマネジメント,システム監査,"=HYPERLINK(""https://www.fe-siken.com/kakomon/29_haru/q60.html"",""平成29年春期 問60"")",2022/3/20
61,○,ストラテジ系,システム戦略,システム戦略,"=HYPERLINK(""https://www.fe-siken.com/kakomon/29_haru/q61.html"",""平成29年春期 問61"")",2022/3/20
62,○,ストラテジ系,システム戦略,システム戦略,"=HYPERLINK(""https://www.fe-siken.com/kakomon/29_haru/q62.html"",""平成29年春期 問62"")",2022/3/20
63,○,ストラテジ系,システム戦略,システム戦略,"=HYPERLINK(""https://www.fe-siken.com/kakomon/29_haru/q63.html"",""平成29年春期 問63"")",2022/3/20
64,○,ストラテジ系,システム戦略,システム戦略,"=HYPERLINK(""https://www.fe-siken.com/kakomon/29_haru/q64.html"",""平成29年春期 問64"")",2022/3/20
65,○,ストラテジ系,システム戦略,システム企画,"=HYPERLINK(""https://www.fe-siken.com/kakomon/29_haru/q65.html"",""平成29年春期 問65"")",2022/3/20
66,○,ストラテジ系,システム戦略,システム企画,"=HYPERLINK(""https://www.fe-siken.com/kakomon/29_haru/q66.html"",""平成29年春期 問66"")",2022/3/20
67,○,ストラテジ系,経営戦略,経営戦略マネジメント,"=HYPERLINK(""https://www.fe-siken.com/kakomon/29_haru/q67.html"",""平成29年春期 問67"")",2022/3/20
68,○,ストラテジ系,経営戦略,経営戦略マネジメント,"=HYPERLINK(""https://www.fe-siken.com/kakomon/29_haru/q68.html"",""平成29年春期 問68"")",2022/3/20
69,×,ストラテジ系,経営戦略,経営戦略マネジメント,"=HYPERLINK(""https://www.fe-siken.com/kakomon/29_haru/q69.html"",""平成29年春期 問69"")",2022/3/20
70,×,ストラテジ系,経営戦略,経営戦略マネジメント,"=HYPERLINK(""https://www.fe-siken.com/kakomon/29_haru/q70.html"",""平成29年春期 問70"")",2022/3/20
71,○,ストラテジ系,経営戦略,ビジネスインダストリ,"=HYPERLINK(""https://www.fe-siken.com/kakomon/29_haru/q71.html"",""平成29年春期 問71"")",2022/3/20
72,○,ストラテジ系,経営戦略,ビジネスインダストリ,"=HYPERLINK(""https://www.fe-siken.com/kakomon/29_haru/q72.html"",""平成29年春期 問72"")",2022/3/20
73,○,ストラテジ系,経営戦略,ビジネスインダストリ,"=HYPERLINK(""https://www.fe-siken.com/kakomon/29_haru/q73.html"",""平成29年春期 問73"")",2022/3/20
74,○,ストラテジ系,経営戦略,ビジネスインダストリ,"=HYPERLINK(""https://www.fe-siken.com/kakomon/29_haru/q74.html"",""平成29年春期 問74"")",2022/3/20
75,○,ストラテジ系,企業と法務,企業活動,"=HYPERLINK(""https://www.fe-siken.com/kakomon/29_haru/q75.html"",""平成29年春期 問75"")",2022/3/20
76,○,ストラテジ系,企業と法務,企業活動,"=HYPERLINK(""https://www.fe-siken.com/kakomon/29_haru/q76.html"",""平成29年春期 問76"")",2022/3/20
77,○,ストラテジ系,企業と法務,企業活動,"=HYPERLINK(""https://www.fe-siken.com/kakomon/29_haru/q77.html"",""平成29年春期 問77"")",2022/3/20
78,×,ストラテジ系,企業と法務,企業活動,"=HYPERLINK(""https://www.fe-siken.com/kakomon/29_haru/q78.html"",""平成29年春期 問78"")",2022/3/20
79,○,ストラテジ系,企業と法務,法務,"=HYPERLINK(""https://www.fe-siken.com/kakomon/29_haru/q79.html"",""平成29年春期 問79"")",2022/3/20
80,○,ストラテジ系,企業と法務,法務,"=HYPERLINK(""https://www.fe-siken.com/kakomon/29_haru/q80.html"",""平成29年春期 問80"")",2022/3/20
 